method,snr_db,n_trials,n_error_samples,mean_abs_error_us,median_abs_error_us,std_abs_error_us,p25_abs_error_us,p75_abs_error_us,p95_abs_error_us,max_abs_error_us
gcc_phat,40.0,50,150,0.0,0.0,0.0,0.0,0.0,0.0,0.0
gcc_phat,30.0,50,150,0.0,0.0,0.0,0.0,0.0,0.0,0.0
gcc_phat,20.0,50,150,0.06347656250000006,0.0,0.10744719471660624,0.0,0.24414062500000022,0.24414062500000022,0.24414062500000022
gcc_phat,10.0,50,150,0.1676432291666668,0.24414062500000022,0.1526798935266984,0.0,0.24414062500000022,0.48828125000000044,0.48828125000000044
gcc_phat,5.0,50,150,0.2132161458333335,0.24414062500000022,0.20060027200436914,0.0,0.24414062500000022,0.48828125000000044,0.7324218750000007
gcc_phat,0.0,50,150,0.36946614583333354,0.24414062500000022,0.2976512007688885,0.24414062500000022,0.48828125000000044,0.9765625000000009,1.220703125000001
ncc,40.0,50,150,0.0,0.0,0.0,0.0,0.0,0.0,0.0
ncc,30.0,50,150,0.0,0.0,0.0,0.0,0.0,0.0,0.0
ncc,20.0,50,150,0.0,0.0,0.0,0.0,0.0,0.0,0.0
ncc,10.0,50,150,0.021158854166666685,0.0,0.06891809240413649,0.0,0.0,0.24414062500000022,0.24414062500000022
ncc,5.0,50,150,0.08626302083333341,0.0,0.1204593876854833,0.0,0.24414062500000022,0.24414062500000022,0.48828125000000044
ncc,0.0,50,150,0.21158854166666685,0.24414062500000022,0.1712764413237889,0.0,0.24414062500000022,0.48828125000000044,0.7324218750000007
