geometry,geometry_name,geometry_class,snr_db,n_trials,tdoa_mean_abs_error_us,tdoa_median_abs_error_us,tdoa_p95_abs_error_us,n_nonfinite_tdoa_pairs,mean_angular_error_deg,median_angular_error_deg,angular_error_p95_deg,mean_position_error_m,median_position_error_m,position_error_p95_m,n_successful_localizations,localization_success_rate,failure_count
linear,Linear,collinear,40,300,0.06615376915,0.06191827826,0.1458074712,0,nan,nan,nan,nan,nan,nan,0,0,300
linear,Linear,collinear,30,300,0.07201518208,0.06492892995,0.1625455647,0,nan,nan,nan,nan,nan,nan,0,0,300
linear,Linear,collinear,20,300,0.1110906672,0.09436444401,0.2613951994,0,nan,nan,nan,nan,nan,nan,0,0,300
linear,Linear,collinear,10,300,0.1860060867,0.1588315687,0.4367282954,0,nan,nan,nan,nan,nan,nan,0,0,300
linear,Linear,collinear,5,300,0.2464156669,0.210688564,0.6046577039,0,nan,nan,nan,nan,nan,nan,0,0,300
linear,Linear,collinear,0,300,2.106965235,0.2920957508,0.984220667,0,nan,nan,nan,nan,nan,nan,0,0,300
square_planar,Square planar,coplanar,40,300,0.06347616346,0.05803777121,0.1397574655,0,nan,nan,nan,nan,nan,nan,0,0,300
square_planar,Square planar,coplanar,30,300,0.06986747362,0.0597757558,0.1632763592,0,nan,nan,nan,nan,nan,nan,0,0,300
square_planar,Square planar,coplanar,20,300,0.1116262269,0.09708358883,0.2680298864,0,nan,nan,nan,nan,nan,nan,0,0,300
square_planar,Square planar,coplanar,10,300,0.1855884818,0.1629173801,0.4367524094,0,nan,nan,nan,nan,nan,nan,0,0,300
square_planar,Square planar,coplanar,5,300,0.2339525696,0.2060983962,0.5751394935,0,nan,nan,nan,nan,nan,nan,0,0,300
square_planar,Square planar,coplanar,0,300,2.483906907,0.3152915459,0.9479775654,0,nan,nan,nan,nan,nan,nan,0,0,300
cross_planar,Cross planar,coplanar,40,300,0.06936618634,0.06430937135,0.1480863375,0,nan,nan,nan,nan,nan,nan,0,0,300
cross_planar,Cross planar,coplanar,30,300,0.07388525199,0.06670460377,0.1629671039,0,nan,nan,nan,nan,nan,nan,0,0,300
cross_planar,Cross planar,coplanar,20,300,0.1094514874,0.09724031811,0.2516072583,0,nan,nan,nan,nan,nan,nan,0,0,300
cross_planar,Cross planar,coplanar,10,300,0.1782456481,0.1494485461,0.4243556617,0,nan,nan,nan,nan,nan,nan,0,0,300
cross_planar,Cross planar,coplanar,5,300,0.2281261203,0.1865972736,0.5639483217,0,nan,nan,nan,nan,nan,nan,0,0,300
cross_planar,Cross planar,coplanar,0,300,1.88432243,0.2919571023,0.9852826211,0,nan,nan,nan,nan,nan,nan,0,0,300
tetrahedral,Tetrahedral,volumetric,40,300,0.06482176307,0.05891859421,0.1480518131,0,0.0954203575,0.05308094736,0.2825903941,1.54299074,0.4243183679,3.839297698,300,1,0
tetrahedral,Tetrahedral,volumetric,30,300,0.07067073557,0.06256683757,0.1634303545,0,0.09607453422,0.06135246647,0.3075340721,1.609607635,0.4008176652,3.972135551,299,0.9966666667,1
tetrahedral,Tetrahedral,volumetric,20,300,0.101697184,0.08349450067,0.2564263997,0,0.1325292697,0.07856846618,0.4237344113,2.841599346,0.6346885819,6.268869874,298,0.9933333333,2
tetrahedral,Tetrahedral,volumetric,10,300,0.1815549176,0.1596735532,0.4405310038,0,0.1937977682,0.1418617984,0.5134071416,2.307238225,0.8314436881,5.379764342,288,0.96,12
tetrahedral,Tetrahedral,volumetric,5,300,0.2392701865,0.2059068297,0.5999075227,0,0.2483047591,0.1812178937,0.6670961347,4.7925855,1.10321397,10.80187523,288,0.96,12
tetrahedral,Tetrahedral,volumetric,0,300,1.773944417,0.3138863869,0.9360590798,0,1.569008522,0.2617142929,0.9962010145,6.438608822,1.578995895,12.14022755,280,0.9333333333,20
three_plus_one,Three plus one,volumetric,40,300,0.06626806634,0.06021852974,0.1444905632,0,0.126093418,0.07317320621,0.409804137,1.643865048,0.5136245386,3.799036243,298,0.9933333333,2
three_plus_one,Three plus one,volumetric,30,300,0.07313282201,0.06570033034,0.1705694365,0,0.1484985661,0.0795046885,0.5681113554,1.863920129,0.5539536593,5.698136283,298,0.9933333333,2
three_plus_one,Three plus one,volumetric,20,300,0.1082327981,0.09265181306,0.2663742945,0,0.1702512701,0.1123499067,0.5146646704,2.593155265,0.7854101829,7.144825503,297,0.99,3
three_plus_one,Three plus one,volumetric,10,300,0.1675142154,0.1318583845,0.4236261916,0,0.2400851469,0.1637734834,0.7908925566,3.236019046,1.075024713,8.521880314,290,0.9666666667,10
three_plus_one,Three plus one,volumetric,5,300,0.2281349787,0.1916587643,0.559750177,0,0.2972050104,0.212913742,0.969995899,5.154142249,1.391372339,14.35959844,276,0.92,24
three_plus_one,Three plus one,volumetric,0,300,2.425181184,0.3088672725,0.953448537,0,1.794939663,0.34104353,1.350169389,5.960045282,1.880995173,24.09704282,264,0.88,36
