Geometry,Channel,Hydrophone X,Hydrophone Y,Hydrophone Z,Source X,Source Y,Source Z,Distance (m),Propagation Time (us),True TDOA Relative to H0 (us)
Linear,H0,-0.125,0,0,2,1,1.5,2.786687101,1882.89669,0
Linear,H1,-0.04166666667,0,0,2,1,1.5,2.723674499,1840.320608,-42.57608241
Linear,H2,0.04166666667,0,0,2,1,1.5,2.661779376,1798.499578,-84.39711188
Linear,H3,0.125,0,0,2,1,1.5,2.601081506,1757.487504,-125.4091861
Square planar,H0,0.08838834765,0.08838834765,0,2,1,1.5,2.595244673,1753.543698,0
Square planar,H1,-0.08838834765,0.08838834765,0,2,1,1.5,2.728076556,1843.29497,89.75127211
Square planar,H2,-0.08838834765,-0.08838834765,0,2,1,1.5,2.792123759,1886.570107,133.0264093
Square planar,H3,0.08838834765,-0.08838834765,0,2,1,1.5,2.662489118,1798.979134,45.43543579
Cross planar,H0,0.125,0,0,2,1,1.5,2.601081506,1757.487504,0
Cross planar,H1,0,0.075,0,2,1,1.5,2.665637822,1801.106637,43.61913279
Cross planar,H2,-0.125,0,0,2,1,1.5,2.786687101,1882.89669,125.4091861
Cross planar,H3,0,-0.075,0,2,1,1.5,2.721327801,1838.735001,81.24749667
Tetrahedral,H0,0.08838834765,0.08838834765,0.08838834765,2,1,1.5,2.545180224,1719.716367,0
Tetrahedral,H1,0.08838834765,-0.08838834765,-0.08838834765,2,1,1.5,2.713268481,1833.289514,113.5731465
Tetrahedral,H2,-0.08838834765,0.08838834765,-0.08838834765,2,1,1.5,2.777657149,1876.795371,157.0790037
Tetrahedral,H3,-0.08838834765,-0.08838834765,0.08838834765,2,1,1.5,2.74565157,1855.16998,135.4536122
Three plus one,H0,0.1443375673,0,-0.0375,2,1,1.5,2.609097414,1762.903658,0
Three plus one,H1,-0.07216878365,0.125,-0.0375,2,1,1.5,2.724594413,1840.942171,78.03851336
Three plus one,H2,-0.07216878365,-0.125,-0.0375,2,1,1.5,2.814856074,1901.92978,139.0261219
Three plus one,H3,0,0,0.1125,2,1,1.5,2.631569161,1778.087271,15.18361316
