Geometry,Channel Pair,True TDOA (us),Estimated TDOA (us),Absolute Error (us)
Linear,H1-H0,-42.57608241,-42.72460938,0.1485269649
Linear,H2-H0,-84.39711188,-84.47265625,0.07554436694
Linear,H3-H0,-125.4091861,-125.4882812,0.0790951923
Square planar,H1-H0,89.75127211,89.84375,0.09247789413
Square planar,H2-H0,133.0264093,133.0566406,0.03023130613
Square planar,H3-H0,45.43543579,45.41015625,0.02527953849
Cross planar,H1-H0,43.61913279,43.70117188,0.08203908776
Cross planar,H2-H0,125.4091861,125.2441406,0.1650454327
Cross planar,H3-H0,81.24749667,81.29882812,0.05133145381
Tetrahedral,H1-H0,113.5731465,113.5253906,0.04775590115
Tetrahedral,H2-H0,157.0790037,156.9824219,0.09658180272
Tetrahedral,H3-H0,135.4536122,135.4980469,0.04443462753
Three plus one,H1-H0,78.03851336,77.88085938,0.1576539893
Three plus one,H2-H0,139.0261219,139.1601562,0.1340343503
Three plus one,H3-H0,15.18361316,15.13671875,0.0468944069
