source_id,x_m,y_m,z_m,range_m
0,3.154983962,-5.142174843,3.69046121,7.072155956
1,1.049738901,-2.037526061,-1.649692504,2.82399532
2,-3.868713073,-3.187635494,-5.942537906,7.774427159
3,0.6323038266,-2.322215785,-2.108355283,3.199633773
4,5.324253174,-0.9598664837,-4.424193321,6.988741094
5,-1.234073584,4.307761494,3.765841846,5.853316283
6,-4.558972636,0.7698509915,-3.274702448,5.665737213
7,4.747912596,5.35674872,-1.266806863,7.269266159
8,4.765463655,-4.202397811,-3.800529756,7.403635433
9,-5.090610397,-2.531158938,4.818357707,7.452358739
10,-1.965989532,-0.09344271149,2.21036023,2.959651791
11,2.677089934,-1.359836015,3.312392996,4.470784256
12,1.519507857,-1.458947627,-0.5148804724,2.168532731
13,5.792536181,5.206405478,0.7852871493,7.827950518
14,-4.829012796,4.148711516,2.00322017,6.674133867
15,0.8561198369,2.645251358,1.313090922,3.074817668
16,-6.875022599,0.2242680671,-0.480283235,6.895426302
17,5.491375271,-2.717683315,-1.897117021,6.414051602
18,-4.784529682,5.295323029,-2.304040066,7.499384701
19,-5.588548614,-4.198203254,0.7418795236,7.029023503
20,-1.849444909,-2.463434518,1.796549861,3.56602685
21,-0.407301324,-2.706378014,-0.150019446,2.740963728
22,-1.802781091,-6.094877768,2.116167775,6.698934298
23,3.811661185,-2.477476465,5.01699629,6.770295592
24,2.44206542,0.224214833,-1.927699317,3.11929166
25,-4.542687542,-4.644077269,2.881951674,7.106976096
26,1.534249984,5.879284729,-3.320685137,6.924367243
27,0.5993342095,1.9416493,1.789276272,2.707528962
28,-2.220939507,-0.3110041706,-2.044365214,3.034588113
29,-5.680800478,1.093391162,-1.216271852,5.911540875
30,-3.656892823,-0.3363657482,3.143745636,4.834164215
31,1.862772196,1.234075395,-1.324105023,2.597328714
32,2.115959917,2.649341321,2.831657164,4.417530769
33,1.804635292,1.060368719,1.77979642,2.747501711
34,3.860484704,0.6120523851,-3.642362616,5.342729237
35,-2.732329904,-2.376219881,2.401097666,4.344803521
36,1.73809533,-3.135485593,3.499966452,5.010190659
37,-0.5581875254,-2.522502274,-2.40316353,3.528425426
38,-0.3982581138,5.406229977,-4.532733755,7.066230068
39,-4.686414213,-2.873529892,1.620810088,5.731202104
40,6.904903668,-1.910654238,-0.263613142,7.169224935
41,2.207622715,-1.540143631,-2.135279076,3.435848831
42,1.885583405,-2.276856857,-3.069607132,4.261688617
43,-4.495483739,-2.471089157,0.4025889646,5.145651906
44,3.512012237,-3.787781771,0.2709114878,5.172515223
45,1.531777434,3.386803904,-1.670394487,4.075168773
46,4.680666782,2.070061531,0.5164938748,5.143983105
47,-0.7517158876,1.517812676,-1.469435216,2.24233627
48,-2.135368933,1.761253803,0.8634818833,2.899554518
49,-2.534559117,4.387311502,4.96297561,7.092504427
50,-0.4038474504,4.035229731,-0.968302649,4.169386258
51,-3.079561298,-3.290098574,-0.6876680755,4.558654823
52,-3.349858762,-0.6234282834,1.014539022,3.555208289
53,0.2078472087,-3.467163076,0.6430450793,3.532410966
54,2.58529773,4.142986043,-2.450005529,5.46357253
55,-4.820799333,1.392632958,4.468850716,6.719386839
56,-0.2905745527,5.135261292,-1.000306108,5.239842977
57,-0.8728030869,-6.764499576,-3.805773453,7.810515432
58,-0.9909228221,1.451343073,1.464927186,2.287867219
59,2.185488293,-0.7823869821,-0.005103254172,2.321317409
60,0.8179936558,4.459149651,-3.394664355,5.663645056
61,1.654889849,-5.419314977,1.255891109,5.803869202
62,-3.083107744,0.2087184255,-3.01881342,4.319994352
63,-2.264538561,-2.366560154,3.625012183,4.885637644
64,-1.777857618,-2.029431817,0.7030937088,2.788137725
65,3.018344553,-6.833409388,-1.026624851,7.540546816
66,-2.588438717,-0.2025647495,-1.005963398,2.78442271
67,2.504876544,-0.8667845204,2.772233662,3.835492325
68,-1.914070673,1.023285914,-1.419052368,2.593162205
69,5.011650219,2.023382081,4.575306735,7.081253044
70,-1.937543431,0.8161003774,0.4300045567,2.145925975
71,-0.906972377,5.47146327,0.4980510204,5.568443591
72,5.212396373,-0.2661541026,-0.8712380424,5.291405266
73,-0.9159319658,1.871017079,1.890411187,2.813057186
74,-5.151925721,4.877198366,2.42724664,7.498061669
75,0.2497545251,3.384110279,-0.02627895805,3.393415725
76,-2.117291833,-2.064794825,0.7256176556,3.04513109
77,4.420502931,2.383264191,-0.8775883804,5.098132573
78,3.64047612,0.9853576099,0.359916602,3.788606071
79,5.624309945,1.915860116,4.258089674,7.309904925
80,4.381385339,-0.5258587458,-0.3749018702,4.428726264
81,2.421240167,0.6087877438,-0.9640334437,2.676263616
82,2.098994884,3.833643343,-0.9009066612,4.46253668
83,-1.093005588,3.795451807,0.851692822,4.040482187
84,-3.38544836,-0.8910359339,-3.850348648,5.203882237
85,5.301432991,-5.04674661,2.556425801,7.75307397
86,6.954382796,-1.695292942,-1.312964173,7.277453755
87,6.788157089,-1.105888481,2.117827821,7.196336615
88,1.255322225,2.394975951,-3.1082451,4.119821755
89,-1.882024011,-3.107252147,2.110425723,4.201300634
90,5.95812101,-2.986982088,-2.117181125,6.993119753
91,-3.734110305,-0.9906431447,2.696358791,4.71118927
92,1.378083737,3.636337651,0.7933218963,3.968806612
93,-2.117491966,2.077750685,3.018644464,4.232379299
94,-1.9618438,1.107154259,2.449546449,3.327897152
95,2.176015121,3.363717048,-2.814833102,4.896214821
96,-6.350025586,-0.4817498288,3.71297614,7.371641585
97,1.723885604,-0.2615629663,1.258295735,2.150233689
98,-0.3792590305,-2.710844364,1.162520404,2.973881011
99,-0.5667805528,-7.136238643,0.6506100004,7.188215045
100,4.173217267,3.226610532,-2.448423438,5.815628531
101,3.164697634,2.502946732,-4.714269943,6.205190936
102,1.793424165,-7.050209371,2.863532842,7.818033176
103,6.247858984,-2.113153317,-4.221178534,7.830677304
104,-0.1688305473,2.34382649,-0.6734295983,2.444490498
105,3.855594502,6.001626126,-0.07726956127,7.133799529
106,-1.896922838,-2.519360342,-2.835092951,4.240665611
107,-3.419535889,0.1840348838,2.28164672,4.114973425
108,-5.609875099,2.231228672,-1.547478788,6.232477085
109,5.556850554,1.93534168,-5.330319498,7.939549197
110,-2.447479495,3.167667137,4.013198845,5.668336258
111,-1.621121366,-2.02902527,1.13941112,2.836059895
112,-0.09820564735,-1.724883281,1.392897581,2.21924094
113,-0.8608646255,-4.934485175,0.8931311025,5.088016805
114,2.990747035,0.3957436386,2.619423081,3.995317025
115,-1.643205329,-1.008440571,-1.644699727,2.534188891
116,-1.720603087,0.1716065969,1.673134495,2.406097015
117,0.5276456875,3.753383958,-0.8166136271,3.877261782
118,2.823167464,6.187778453,0.3038527765,6.808171798
119,2.037614449,0.1678029899,0.7881796689,2.191177235
120,-1.672150902,-4.68693792,0.7370633895,5.030580299
121,1.092853448,-4.748147448,-3.193571165,5.825644139
122,1.600302821,-5.807570683,-1.766663421,6.277734145
123,-2.14231473,3.846417024,-5.073471243,6.717480687
124,-2.488175188,-1.317804871,0.1618535606,2.82025212
125,-1.618786167,6.12873755,-0.6892054115,6.376276085
126,-0.750339576,2.360650966,2.180424661,3.299990025
127,-3.916023949,0.8860563335,1.207096701,4.1925436
128,-3.918806968,-1.53969598,0.612003677,4.254675107
129,-4.007090972,-0.2936164624,-3.608183064,5.400182748
130,3.041913778,-1.520040515,-2.610981398,4.287305268
131,-2.187911457,0.1980179304,-0.005753844202,2.196861568
132,3.390095146,-2.921086297,-0.7591252711,4.538916327
133,0.8132370009,-3.043918487,-1.215134843,3.376884195
134,-6.073395363,1.97811172,-2.03172846,6.702758965
135,-2.623407625,1.444033258,-2.175457008,3.701366343
136,-0.5161625866,-1.463880449,1.405474547,2.093974328
137,1.692518223,3.242953861,-3.433876818,5.017257984
138,-1.098236154,-1.631486862,-0.4632482177,2.020512544
139,5.101837479,-0.6986513173,-4.763593899,7.014890317
140,-7.14103867,1.081294411,-2.211812886,7.553525477
141,-4.889223574,4.775834056,0.7564894965,6.876436174
142,0.8373634082,-5.032986973,-0.2677391824,5.109189722
143,-3.770565582,-4.974790745,2.644140408,6.779172978
144,1.949863878,3.002533258,-1.82778822,4.019699601
145,-2.340261824,3.996369138,-2.934313743,5.482516651
146,0.9767981161,1.7865786,1.595044211,2.586535074
147,3.264578694,2.916439214,2.735266646,5.161857743
148,-5.842464336,-2.656771513,-4.251608906,7.698636417
149,-4.883135051,2.056704925,-1.566756822,5.525375102
150,-1.958439092,-2.292818315,1.483514217,3.360552623
151,-0.7543967489,2.182655245,-2.258051626,3.229844504
152,-1.507245743,2.013143774,2.410360328,3.483442908
153,-2.272039959,0.3676523551,-2.013831717,3.058243289
154,-1.251397529,2.948823771,2.104655285,3.832901156
155,-4.301563315,4.200078894,1.981807645,6.330218891
156,-1.549807984,1.586272567,0.7546068475,2.342562046
157,2.315209953,2.714613467,1.113099152,3.737420651
158,-4.12121339,2.602913462,-1.595162694,5.128752511
159,-1.870475995,1.77504155,1.641570848,3.056829698
160,5.818064435,-0.6835232877,-4.071092817,7.13378403
161,4.242527533,6.662052544,-1.056451722,7.968567889
162,2.274635759,-1.799621779,3.389328753,4.460959065
163,-3.006326278,0.7984220055,-2.38755666,3.921211827
164,2.647091043,-1.825147533,0.6966878673,3.289928342
165,1.077373088,-2.893123887,-1.930399122,3.641062944
166,3.971523071,-5.868693282,-0.8275496714,7.134381178
167,-1.162612367,1.601830081,-0.7458990405,2.115157797
168,-1.946226206,2.874815149,-1.608392273,3.826131766
169,-3.71110754,-2.105443231,-2.218127981,4.808877427
170,3.771857525,2.542116662,-0.9390784763,4.644473565
171,-0.5628934324,-4.719379908,2.951207718,5.594552951
172,2.510829151,0.4251027724,1.259380041,2.840952918
173,1.922729251,-4.952282473,2.736766304,5.975941705
174,-3.515278239,2.680866471,-2.205466077,4.940476369
175,-4.864754678,-1.987747862,2.846741933,5.976698024
176,-0.004317196082,-2.074363408,-1.231855757,2.412565189
177,1.527612442,1.07326487,0.9037084888,2.074171229
178,4.134930864,3.850653498,4.471491973,7.205513588
179,-7.024703823,1.475772195,-2.296972728,7.536607399
180,0.7686088184,-1.730645045,0.6800393475,2.012050025
181,-1.065196716,2.166029918,-0.1611928515,2.419155387
182,-0.01786994631,-6.226751799,-4.064262078,7.435790714
183,-3.810750642,-2.204348117,3.561592152,5.662676906
184,1.708046998,4.477669658,4.097698666,6.305401214
185,-1.53692711,-4.147116343,-1.353591566,4.625249078
186,4.060452771,-4.891342638,1.237525153,6.476417066
187,-1.789242501,-3.003210106,1.96253313,4.009014337
188,1.899869341,2.484859346,-3.044856527,4.365224021
189,4.8498179,3.347011546,2.758054551,6.506157457
190,3.206465804,2.207598932,-2.568731862,4.664043244
191,1.199327249,-1.850503189,-2.488129889,3.324686188
192,-1.919547822,2.362124865,2.284188185,3.805497784
193,3.682552858,0.07723713325,-0.6679088548,3.743429359
194,1.781952504,-0.7307145113,2.168580172,2.900351424
195,-2.851501816,-1.103894083,-2.784784205,4.135778986
196,5.097374998,-1.363644166,0.8625174197,5.346652559
197,2.779106765,1.227942654,-0.09973540573,3.039938276
198,0.4863501011,3.865949854,-0.3910988171,3.916000892
199,-1.387046209,4.355571226,-0.7488855397,4.632032754
200,-2.914495026,-1.423813206,1.868349411,3.743294648
201,5.676518336,1.187434217,-0.4742430572,5.818742726
202,-4.372376603,-4.369748274,-1.176106151,6.292503701
203,-2.167199372,1.871974303,2.363846959,3.713329148
204,-5.316552759,3.711335525,2.992559117,7.141089181
205,-6.481531573,0.04803361931,-0.1513059171,6.483475321
206,1.80211612,-1.459559477,2.2753507,3.24887014
207,3.448064661,3.625670431,1.262208007,5.160213662
208,2.696897446,1.972638033,-1.545680576,3.681532981
209,1.358908955,-1.337943899,-2.168388921,2.887669983
210,-5.606038589,2.03409349,1.601520234,6.174955226
211,-2.505960033,-2.556625062,0.3106372204,3.593419385
212,-7.273916599,1.953963888,2.202718087,7.847280073
213,1.379184152,2.219187718,1.337111058,2.935099493
214,-0.7703271089,-1.643952698,-1.644802794,2.449767449
215,-4.917926858,1.333452354,4.444011719,6.761164095
216,0.6156847036,-2.476505128,1.806162202,3.126398439
217,2.056521607,4.453092243,-1.356194347,5.089064231
218,-4.569878075,0.9173868414,-4.965195192,6.810179699
219,4.422862021,-4.765142732,0.06540559977,6.501736046
220,1.996478166,-2.557999898,3.735859865,4.948326735
221,-4.090547053,-4.42265351,-3.997826997,7.230149373
222,0.6192867377,2.748884959,-2.71333581,3.911786778
223,-4.4171341,2.779649286,-2.109564446,5.629190525
224,5.178444715,3.464485626,0.1154159374,6.231554474
225,-2.902748963,-0.7617798245,-2.172342406,3.70477146
226,-5.950455075,1.291724631,4.80962369,7.759442516
227,-0.8720524592,1.944864793,0.795499192,2.275037037
228,-0.8972310088,5.948761743,0.06642804677,6.016411094
229,3.246882507,-3.216838059,0.3162974369,4.581521273
230,2.559083494,-5.834598439,3.173183974,7.117622061
231,3.724575596,-2.476379668,0.63266473,4.517209791
232,5.568052328,0.9849149748,2.23914047,6.081695017
233,-3.163626724,1.713103268,1.291907732,3.822601528
234,5.547702475,-2.474155787,-5.180838477,7.983704462
235,-2.114918855,-4.757804292,-3.997249116,6.56411334
236,-1.389349462,-7.031151313,-2.102647664,7.469170497
237,1.617074311,-5.784816115,-1.562035394,6.206366198
238,1.960613636,-2.785664003,-3.472646767,4.864484077
239,1.408604162,0.3329427511,-1.70276526,2.234821267
240,4.577378063,-1.554945264,-1.82845693,5.168510371
241,3.07483951,1.050122126,3.854694062,5.041434399
242,-1.709086356,4.39551482,3.512371413,5.880329893
243,-3.553065509,5.643853917,-0.7701502231,6.713456109
244,-2.934018213,3.882966828,-2.784587991,5.607122662
245,3.738358048,0.2098512384,-2.571998786,4.54252531
246,-0.8094452672,-4.307812338,-0.5616356798,4.419036481
247,-3.843733742,2.608613359,0.6324848348,4.68819686
248,2.468893969,2.375203605,0.03235578393,3.426087637
249,4.57974997,1.544866141,-1.656300916,5.10921265
250,-2.442355764,-1.451733378,-1.238882531,3.099590522
251,-4.230104921,-1.131384942,0.3053156617,4.389423331
252,2.021764193,-3.22995808,-1.0323922,3.947909992
253,-5.659374722,2.058581578,0.8271972531,6.078695226
254,-0.7379678357,4.080995248,-3.875566464,5.676190109
255,3.708667399,-0.8991519096,1.217571602,4.005642101
256,-4.821420424,1.19848698,4.827021266,6.926947398
257,-5.31139364,-1.092009611,-0.6952598073,5.466879694
258,3.514264219,2.4581871,-2.122078152,4.784971526
259,-4.364139306,-3.15843651,3.541586621,6.447035665
260,-2.636778379,7.208244649,0.5820559167,7.697413867
261,-5.752775819,1.98875309,2.559869628,6.603218987
262,-5.072146708,1.112904256,0.4704812648,5.214075252
263,2.733687065,2.331051639,-1.859149531,4.045155583
264,-2.265327529,1.749635385,-1.043741795,3.046691603
265,-1.123110993,2.017365105,2.6121272,3.486308761
266,0.6532182853,5.339092104,1.36961794,5.550536183
267,4.874397308,2.645692909,-0.7279450987,5.593687885
268,-4.493981482,-0.4415416499,-2.520097031,5.171239468
269,2.971957426,-3.214916485,0.1574112578,4.380981312
270,6.785813961,2.848203656,2.242137183,7.693290215
271,-4.027923837,0.703318072,-1.208618953,4.263752633
272,-3.420069186,-4.245587173,-0.9631263107,5.536198693
273,4.822220236,2.182939476,-4.310001205,6.826063517
274,1.524564641,-3.758806765,-2.834265548,4.948331723
275,-2.192707997,-0.008249107299,0.3397239592,2.21888458
276,3.432450138,1.002482182,0.3831923958,3.596320465
277,2.415420069,1.819476612,-2.370319052,3.842285994
278,-3.698285944,-3.04949224,-0.8345234109,4.86550626
279,-2.342297693,-1.89832332,1.614061279,3.419822177
280,2.119853446,1.774123462,-0.6024220455,2.829170375
281,4.646069602,6.406393246,-0.674155481,7.942438088
282,-5.474921846,-1.563323467,2.12422187,6.077093717
283,3.070125296,1.156356042,0.07514990407,3.281535637
284,2.39641255,0.5038438419,1.293703259,2.76953423
285,-0.05393841404,2.826474518,-2.929273045,4.070934552
286,3.779978089,2.442634325,3.427290512,5.656944145
287,1.648647787,-1.140207009,0.4170402942,2.047445764
288,1.351294605,-5.731695179,-0.4472202127,5.905788064
289,3.426941578,4.993379426,-0.6673456816,6.092874275
290,4.649452271,-3.301373638,4.009728896,6.970968379
291,1.553227512,1.924123898,-0.9617729326,2.653257555
292,-1.989898672,-1.294441823,1.697058381,2.91809587
293,2.190116652,-0.2583238582,0.7558205367,2.331224324
294,5.849302061,2.609051011,-2.879171374,7.022186951
295,0.03066566017,-3.994390826,-3.431902552,5.266313092
296,-2.688335829,0.08911697258,1.602662393,3.131072997
297,0.317770604,-4.084260627,4.47907662,6.069949785
298,-0.5031172309,3.995589331,1.019677129,4.154227064
299,5.023032644,-2.893293007,2.995100929,6.524770566
