sensor_count,configuration,configuration_name,channel,x_m,y_m,z_m,max_pairwise_baseline_m,max_physical_tdoa_us,reference_tdoa_count,unordered_pair_count
4,n4_tetrahedral,4 hydrophones,H0,0.08838834764831843,0.08838834764831843,0.08838834764831843,0.24999999999999997,168.9189189189189,3,6
4,n4_tetrahedral,4 hydrophones,H1,0.08838834764831843,-0.08838834764831843,-0.08838834764831843,0.24999999999999997,168.9189189189189,3,6
4,n4_tetrahedral,4 hydrophones,H2,-0.08838834764831843,0.08838834764831843,-0.08838834764831843,0.24999999999999997,168.9189189189189,3,6
4,n4_tetrahedral,4 hydrophones,H3,-0.08838834764831843,-0.08838834764831843,0.08838834764831843,0.24999999999999997,168.9189189189189,3,6
5,n5_bipyramid,5 hydrophones,H0,0.14433756729740646,0.0,0.0,0.25000000000000006,168.91891891891896,4,10
5,n5_bipyramid,5 hydrophones,H1,-0.07216878364870323,0.125,0.0,0.25000000000000006,168.91891891891896,4,10
5,n5_bipyramid,5 hydrophones,H2,-0.07216878364870323,-0.125,0.0,0.25000000000000006,168.91891891891896,4,10
5,n5_bipyramid,5 hydrophones,H3,0.0,0.0,0.125,0.25000000000000006,168.91891891891896,4,10
5,n5_bipyramid,5 hydrophones,H4,0.0,0.0,-0.125,0.25000000000000006,168.91891891891896,4,10
6,n6_octahedron,6 hydrophones,H0,0.125,0.0,0.0,0.25,168.91891891891893,5,15
6,n6_octahedron,6 hydrophones,H1,0.0,0.125,0.0,0.25,168.91891891891893,5,15
6,n6_octahedron,6 hydrophones,H2,-0.125,0.0,0.0,0.25,168.91891891891893,5,15
6,n6_octahedron,6 hydrophones,H3,0.0,-0.125,0.0,0.25,168.91891891891893,5,15
6,n6_octahedron,6 hydrophones,H4,0.0,0.0,0.125,0.25,168.91891891891893,5,15
6,n6_octahedron,6 hydrophones,H5,0.0,0.0,-0.125,0.25,168.91891891891893,5,15
