sensor_count,configuration,configuration_name,snr_db,trials,median_tdoa_abs_error_us,p95_tdoa_abs_error_us,median_angular_error_deg,p95_angular_error_deg,q25_angular_error_deg,q75_angular_error_deg,median_position_error_m,p95_position_error_m,q25_position_error_m,q75_position_error_m,solver_success_rate,failure_count
4,n4_tetrahedral,4 hydrophones,40.0,300,0.058918591714999996,0.148051818265,0.097797194755,7.1721287055,0.043465609115,3.3307975395,1.0188244655,6.668422425250001,0.22996910815,3.83967166375,1.0,0
4,n4_tetrahedral,4 hydrophones,30.0,300,0.06256683232999999,0.163430353965,0.09803217267,7.142971370999999,0.047658471285000004,3.2668311054999997,1.069770924,6.671188206499998,0.23719304005,4.001756847499999,0.9966666666666667,1
4,n4_tetrahedral,4 hydrophones,20.0,300,0.08349450922000001,0.25642639937,0.1394490039,7.145161027799999,0.065665909835,3.2704770845,1.534622171,6.9456730185,0.4247257689,4.150418547999999,0.9966666666666667,1
4,n4_tetrahedral,4 hydrophones,10.0,300,0.1596735617,0.4405310026749998,0.234032999,7.074917568399999,0.1279844754,3.590536465,1.976610595,6.9469689116,0.5788436486,4.381040267,0.9766666666666667,7
4,n4_tetrahedral,4 hydrophones,5.0,300,0.2059068204,0.5999075276299994,0.325853254,7.255958500199999,0.1505667945,3.252740655,2.423240607,7.325047453199998,0.6725865544,4.542493198,0.9766666666666667,7
4,n4_tetrahedral,4 hydrophones,0.0,300,0.3138863948,0.9360590814849997,0.46175419019999997,7.4172171645,0.2255216602,3.705329282,2.827309783,7.8154573869999995,1.2483260572500001,4.8679599365,0.9533333333333334,14
5,n5_bipyramid,5 hydrophones,40.0,300,0.06324274478,0.14362229850000002,0.050163099655,0.11853223074500005,0.03517090042,0.0667872688425,0.34540345855,2.1805859901500004,0.12259564415,0.714882703475,1.0,0
5,n5_bipyramid,5 hydrophones,30.0,300,0.065981893665,0.15852878355999994,0.05278337622,0.13944779546999997,0.037467646235,0.077259546465,0.4109269648,2.4860464979,0.14568405605,0.8949101824000001,0.9966666666666667,1
5,n5_bipyramid,5 hydrophones,20.0,300,0.09390485755,0.269436098945,0.07688952605,0.20477307371499995,0.0477113421175,0.1229653325,0.5514067115000001,3.905119394199998,0.211513924125,1.13136727125,0.9933333333333333,2
5,n5_bipyramid,5 hydrophones,10.0,300,0.14090355459999998,0.4398234838749999,0.13387969195,0.29288320367,0.0823083251125,0.20316354720000002,0.7873969958,10.621601728999988,0.324801687375,1.939813707,0.9933333333333333,2
5,n5_bipyramid,5 hydrophones,5.0,300,0.19831281805,0.584593983,0.1769116189,0.44585745227999996,0.1042619583,0.26037174640000005,1.045050002,19.83044356899996,0.466395351275,2.6498279712499997,0.9733333333333334,8
5,n5_bipyramid,5 hydrophones,0.0,300,0.3082813931,0.8776895690400001,0.2581170075,0.64914352239,0.1633919762,0.36472677639999995,1.786176337,32.202918497999825,0.7580908012500001,3.764883256,0.9433333333333334,17
6,n6_octahedron,6 hydrophones,40.0,300,0.061382114065,0.14709599974,0.03711087144,0.08028263773500002,0.026296934195,0.051837914435,0.3189911583,2.503981658850003,0.13779238415,0.7634636915249999,1.0,0
6,n6_octahedron,6 hydrophones,30.0,300,0.063670568935,0.16239071948,0.03852030163,0.08437631653,0.027702648975,0.05795600258,0.3448066052,2.3678849902999954,0.1406918868,0.8152116952,0.9966666666666667,1
6,n6_octahedron,6 hydrophones,20.0,300,0.093577504745,0.26718440038999985,0.06519060004499999,0.147487753285,0.04165659814,0.100383679875,0.49107442815,3.5620302579500014,0.19368245425,1.12483706,1.0,0
6,n6_octahedron,6 hydrophones,10.0,300,0.15174727415,0.43430245817999996,0.1046878821,0.22571460239000002,0.06650857645,0.1473789007,0.7259184577,8.205168295800009,0.29662956890000003,1.7316095045,0.9833333333333333,5
6,n6_octahedron,6 hydrophones,5.0,300,0.2038278582,0.576280505135,0.1462023817,0.30413322802,0.0945343931,0.1977239793,0.9022495541,12.897944703999952,0.3963860228,2.021023092,0.9766666666666667,7
6,n6_octahedron,6 hydrophones,0.0,300,0.2948409952,0.93970364673,0.2072891518,0.48229708958000017,0.1369376937,0.2892581889,1.326174521,16.481053464000002,0.5229686327,3.371907232,0.95,15
